{
  "split": {
    "train": 21668,
    "val": 4643,
    "test": 4643
  },
  "val": {
    "mse": 0.21998904079426884,
    "mae": 0.3904163066278478,
    "r2": 0.1575141519474853
  },
  "test": {
    "mse": 0.2196469145073684,
    "mae": 0.388686839246209,
    "r2": 0.15390933384030836
  }
}