{
  "split": {
    "train": 21668,
    "val": 4643,
    "test": 4643
  },
  "xgboost": {
    "val": {
      "mse": 0.2487276251562034,
      "mae": 0.42232457471030654,
      "r2": 0.04745480294275095
    },
    "test": {
      "mse": 0.24765861032772588,
      "mae": 0.42036331400021976,
      "r2": 0.04600691039828064
    }
  },
  "cnn": {
    "val": {
      "mse": 0.21499512578762128,
      "mae": 0.3754290513704416,
      "r2": 0.17663920792430676
    },
    "test": {
      "mse": 0.2194247549626929,
      "mae": 0.3785420218639071,
      "r2": 0.15476510328086612
    }
  }
}