{
  "split": {
    "train": 21668,
    "val": 4643,
    "test": 4643
  },
  "xgboost": {
    "val": {
      "mse": 0.2487276251562034,
      "mae": 0.42232457471030654,
      "r2": 0.04745480294275095
    },
    "test": {
      "mse": 0.24765861032772588,
      "mae": 0.42036331400021976,
      "r2": 0.04600691039828064
    }
  },
  "cnn": {
    "val": {
      "mse": 0.2142158338269318,
      "mae": 0.37627947302118836,
      "r2": 0.17962364044881585
    },
    "test": {
      "mse": 0.2075381314236522,
      "mae": 0.370059013928059,
      "r2": 0.20055295899053072
    }
  }
}